{
    "label": "pukulan2kanan",
    "image_path": "/content/drive/MyDrive/DataSet/FrameTerbaik/pukulan2kanan.png",
    "person_confidence": 0.8261153101921082,
    "normalization": {
        "center_type": "midpoint_left_right_hip",
        "scale_type": "shoulder_width_fallback_hip_width",
        "center_x": 460.64849853515625,
        "center_y": 428.85882568359375,
        "scale": 170.46827697753906
    },
    "keypoints_raw": {
        "nose": {
            "x": 389.45440673828125,
            "y": 124.51002502441406,
            "confidence": 0.9947798252105713
        },
        "left_eye": {
            "x": 409.7965393066406,
            "y": 107.8277816772461,
            "confidence": 0.9954922199249268
        },
        "right_eye": {
            "x": 389.4771423339844,
            "y": 108.00942993164062,
            "confidence": 0.9166340827941895
        },
        "left_ear": {
            "x": 464.1223449707031,
            "y": 118.5472640991211,
            "confidence": 0.969989538192749
        },
        "right_ear": {
            "x": 398.9471130371094,
            "y": 118.36054992675781,
            "confidence": 0.06926339864730835
        },
        "left_shoulder": {
            "x": 530.1244506835938,
            "y": 194.07675170898438,
            "confidence": 0.9968646168708801
        },
        "right_shoulder": {
            "x": 359.65771484375,
            "y": 193.35182189941406,
            "confidence": 0.9655717015266418
        },
        "left_elbow": {
            "x": 588.6844482421875,
            "y": 282.14764404296875,
            "confidence": 0.9959406852722168
        },
        "right_elbow": {
            "x": 214.44334411621094,
            "y": 210.1629180908203,
            "confidence": 0.9231899380683899
        },
        "left_wrist": {
            "x": 568.8712768554688,
            "y": 368.1934814453125,
            "confidence": 0.9876153469085693
        },
        "right_wrist": {
            "x": 89.67044067382812,
            "y": 216.89666748046875,
            "confidence": 0.8820835947990417
        },
        "left_hip": {
            "x": 528.576416015625,
            "y": 427.8684387207031,
            "confidence": 0.9994425177574158
        },
        "right_hip": {
            "x": 392.7205810546875,
            "y": 429.84918212890625,
            "confidence": 0.99837327003479
        },
        "left_knee": {
            "x": 660.7949829101562,
            "y": 497.4934387207031,
            "confidence": 0.9949132204055786
        },
        "right_knee": {
            "x": 284.7274169921875,
            "y": 517.2569580078125,
            "confidence": 0.9860163331031799
        },
        "left_ankle": {
            "x": 739.6022338867188,
            "y": 669.4210205078125,
            "confidence": 0.9095534682273865
        },
        "right_ankle": {
            "x": 217.0526885986328,
            "y": 708.8756103515625,
            "confidence": 0.8455703854560852
        }
    },
    "keypoints_normalized": {
        "nose": {
            "x": -0.41763836145401,
            "y": -1.7853692770004272,
            "confidence": 0.9947798252105713
        },
        "left_eye": {
            "x": -0.2983074486255646,
            "y": -1.8832303285598755,
            "confidence": 0.9954922199249268
        },
        "right_eye": {
            "x": -0.4175049960613251,
            "y": -1.8821648359298706,
            "confidence": 0.9166340827941895
        },
        "left_ear": {
            "x": 0.02037825807929039,
            "y": -1.820347785949707,
            "confidence": 0.969989538192749
        },
        "right_ear": {
            "x": -0.3619523048400879,
            "y": -1.8214432001113892,
            "confidence": 0.06926339864730835
        },
        "left_shoulder": {
            "x": 0.40755942463874817,
            "y": -1.3772772550582886,
            "confidence": 0.9968646168708801
        },
        "right_shoulder": {
            "x": -0.5924315452575684,
            "y": -1.3815298080444336,
            "confidence": 0.9655717015266418
        },
        "left_elbow": {
            "x": 0.7510837316513062,
            "y": -0.860636293888092,
            "confidence": 0.9959406852722168
        },
        "right_elbow": {
            "x": -1.4442871809005737,
            "y": -1.2829126119613647,
            "confidence": 0.9231899380683899
        },
        "left_wrist": {
            "x": 0.6348558068275452,
            "y": -0.3558746874332428,
            "confidence": 0.9876153469085693
        },
        "right_wrist": {
            "x": -2.176229238510132,
            "y": -1.2434111833572388,
            "confidence": 0.8820835947990417
        },
        "left_hip": {
            "x": 0.39847835898399353,
            "y": -0.00580980209633708,
            "confidence": 0.9994425177574158
        },
        "right_hip": {
            "x": -0.39847835898399353,
            "y": 0.005809623282402754,
            "confidence": 0.99837327003479
        },
        "left_knee": {
            "x": 1.1740981340408325,
            "y": 0.4026239514350891,
            "confidence": 0.9949132204055786
        },
        "right_knee": {
            "x": -1.031987190246582,
            "y": 0.5185605883598328,
            "confidence": 0.9860163331031799
        },
        "left_ankle": {
            "x": 1.6363967657089233,
            "y": 1.411184549331665,
            "confidence": 0.9095534682273865
        },
        "right_ankle": {
            "x": -1.4289803504943848,
            "y": 1.6426328420639038,
            "confidence": 0.8455703854560852
        }
    },
    "rule_features": {
        "right_elbow_angle": 176.4855194091797,
        "left_elbow_angle": 133.4122314453125,
        "right_knee_angle": 148.43800354003906,
        "left_knee_angle": 142.3963623046875,
        "stance_width": 3.0741024017333984,
        "knee_width": 2.2091293334960938,
        "right_wrist_to_right_shoulder_y": 0.13811862468719482,
        "left_wrist_to_left_shoulder_y": 1.0214025676250458,
        "right_punch_vector_x": -1.5837976932525635,
        "right_punch_vector_y": 0.13811862468719482,
        "left_punch_vector_x": 0.227296382188797,
        "left_punch_vector_y": 1.0214025676250458
    },
    "suggested_rules": {
        "kuda_kuda": {
            "stance_width_reference": 3.0741024017333984,
            "left_knee_angle_reference": 142.3963623046875,
            "right_knee_angle_reference": 148.43800354003906
        },
        "arah_tangan": {
            "right_wrist_to_right_shoulder_y_reference": 0.13811862468719482,
            "left_wrist_to_left_shoulder_y_reference": 1.0214025676250458
        },
        "arah_pukulan": {
            "right_punch_vector_x_reference": -1.5837976932525635,
            "right_punch_vector_y_reference": 0.13811862468719482,
            "left_punch_vector_x_reference": 0.227296382188797,
            "left_punch_vector_y_reference": 1.0214025676250458
        }
    }
}