{
    "label": "pukulan4kiri",
    "image_path": "/content/drive/MyDrive/DataSet/FrameTerbaik/pukulan4kiri.jpeg",
    "person_confidence": 0.872649073600769,
    "normalization": {
        "center_type": "midpoint_left_right_hip",
        "scale_type": "shoulder_width_fallback_hip_width",
        "center_x": 308.078125,
        "center_y": 363.1177978515625,
        "scale": 126.0702896118164
    },
    "keypoints_raw": {
        "nose": {
            "x": 299.3561706542969,
            "y": 139.00881958007812,
            "confidence": 0.9971724152565002
        },
        "left_eye": {
            "x": 311.3439025878906,
            "y": 123.65367126464844,
            "confidence": 0.991134524345398
        },
        "right_eye": {
            "x": 286.2503967285156,
            "y": 126.26275634765625,
            "confidence": 0.9880006909370422
        },
        "left_ear": {
            "x": 334.05487060546875,
            "y": 133.2982177734375,
            "confidence": 0.843693733215332
        },
        "right_ear": {
            "x": 272.4727478027344,
            "y": 140.47779846191406,
            "confidence": 0.5882455110549927
        },
        "left_shoulder": {
            "x": 376.412109375,
            "y": 201.33740234375,
            "confidence": 0.9962432384490967
        },
        "right_shoulder": {
            "x": 250.35658264160156,
            "y": 203.2668914794922,
            "confidence": 0.9906262159347534
        },
        "left_elbow": {
            "x": 412.8487243652344,
            "y": 293.7321472167969,
            "confidence": 0.9923598170280457
        },
        "right_elbow": {
            "x": 224.50196838378906,
            "y": 292.57763671875,
            "confidence": 0.984765887260437
        },
        "left_wrist": {
            "x": 352.36907958984375,
            "y": 285.8861999511719,
            "confidence": 0.9806657433509827
        },
        "right_wrist": {
            "x": 232.504638671875,
            "y": 317.80999755859375,
            "confidence": 0.9691318869590759
        },
        "left_hip": {
            "x": 362.1696472167969,
            "y": 363.83880615234375,
            "confidence": 0.9994434714317322
        },
        "right_hip": {
            "x": 253.98663330078125,
            "y": 362.3967590332031,
            "confidence": 0.9992663264274597
        },
        "left_knee": {
            "x": 469.8089599609375,
            "y": 406.9438781738281,
            "confidence": 0.9971502423286438
        },
        "right_knee": {
            "x": 181.3944091796875,
            "y": 404.8656311035156,
            "confidence": 0.9966537952423096
        },
        "left_ankle": {
            "x": 520.4475708007812,
            "y": 553.8392944335938,
            "confidence": 0.9644096493721008
        },
        "right_ankle": {
            "x": 119.90797424316406,
            "y": 556.9982299804688,
            "confidence": 0.9598115682601929
        }
    },
    "keypoints_normalized": {
        "nose": {
            "x": -0.06918326765298843,
            "y": -1.777651071548462,
            "confidence": 0.9971724152565002
        },
        "left_eye": {
            "x": 0.025904418900609016,
            "y": -1.899449348449707,
            "confidence": 0.991134524345398
        },
        "right_eye": {
            "x": -0.17313934862613678,
            "y": -1.878753900527954,
            "confidence": 0.9880006909370422
        },
        "left_ear": {
            "x": 0.20604969561100006,
            "y": -1.8229479789733887,
            "confidence": 0.843693733215332
        },
        "right_ear": {
            "x": -0.28242480754852295,
            "y": -1.7659989595413208,
            "confidence": 0.5882455110549927
        },
        "left_shoulder": {
            "x": 0.5420308113098145,
            "y": -1.2832555770874023,
            "confidence": 0.9962432384490967
        },
        "right_shoulder": {
            "x": -0.4578520655632019,
            "y": -1.2679506540298462,
            "confidence": 0.9906262159347534
        },
        "left_elbow": {
            "x": 0.8310490846633911,
            "y": -0.5503727197647095,
            "confidence": 0.9923598170280457
        },
        "right_elbow": {
            "x": -0.6629329919815063,
            "y": -0.5595304369926453,
            "confidence": 0.984765887260437
        },
        "left_wrist": {
            "x": 0.3513195216655731,
            "y": -0.6126074194908142,
            "confidence": 0.9806657433509827
        },
        "right_wrist": {
            "x": -0.5994551777839661,
            "y": -0.359385222196579,
            "confidence": 0.9691318869590759
        },
        "left_hip": {
            "x": 0.4290584325790405,
            "y": 0.005719097796827555,
            "confidence": 0.9994434714317322
        },
        "right_hip": {
            "x": -0.4290581941604614,
            "y": -0.005719339940696955,
            "confidence": 0.9992663264274597
        },
        "left_knee": {
            "x": 1.2828624248504639,
            "y": 0.34763211011886597,
            "confidence": 0.9971502423286438
        },
        "right_knee": {
            "x": -1.0048657655715942,
            "y": 0.33114728331565857,
            "confidence": 0.9966537952423096
        },
        "left_ankle": {
            "x": 1.6845320463180542,
            "y": 1.512818694114685,
            "confidence": 0.9644096493721008
        },
        "right_ankle": {
            "x": -1.4925812482833862,
            "y": 1.5378756523132324,
            "confidence": 0.9598115682601929
        }
    },
    "rule_features": {
        "right_elbow_angle": 146.2578887939453,
        "left_elbow_angle": 61.086177825927734,
        "right_knee_angle": 142.33580017089844,
        "left_knee_angle": 130.84442138671875,
        "stance_width": 3.1772119998931885,
        "knee_width": 2.287787675857544,
        "right_wrist_to_right_shoulder_y": 0.9085654318332672,
        "left_wrist_to_left_shoulder_y": 0.6706481575965881,
        "right_punch_vector_x": -0.14160311222076416,
        "right_punch_vector_y": 0.9085654318332672,
        "left_punch_vector_x": -0.19071128964424133,
        "left_punch_vector_y": 0.6706481575965881
    },
    "suggested_rules": {
        "kuda_kuda": {
            "stance_width_reference": 3.1772119998931885,
            "left_knee_angle_reference": 130.84442138671875,
            "right_knee_angle_reference": 142.33580017089844
        },
        "arah_tangan": {
            "right_wrist_to_right_shoulder_y_reference": 0.9085654318332672,
            "left_wrist_to_left_shoulder_y_reference": 0.6706481575965881
        },
        "arah_pukulan": {
            "right_punch_vector_x_reference": -0.14160311222076416,
            "right_punch_vector_y_reference": 0.9085654318332672,
            "left_punch_vector_x_reference": -0.19071128964424133,
            "left_punch_vector_y_reference": 0.6706481575965881
        }
    }
}