{
    "label": "pukulan4kanan",
    "image_path": "/content/drive/MyDrive/DataSet/FrameTerbaik/pukulan4kanan.jpeg",
    "person_confidence": 0.810164749622345,
    "normalization": {
        "center_type": "midpoint_left_right_hip",
        "scale_type": "shoulder_width_fallback_hip_width",
        "center_x": 369.39239501953125,
        "center_y": 496.0276184082031,
        "scale": 210.15162658691406
    },
    "keypoints_raw": {
        "nose": {
            "x": 400.97503662109375,
            "y": 129.35252380371094,
            "confidence": 0.9917348623275757
        },
        "left_eye": {
            "x": 414.5857238769531,
            "y": 106.5871810913086,
            "confidence": 0.9153304100036621
        },
        "right_eye": {
            "x": 380.6260681152344,
            "y": 111.01899719238281,
            "confidence": 0.9849122762680054
        },
        "left_ear": {
            "x": 429.19012451171875,
            "y": 122.58810424804688,
            "confidence": 0.13244621455669403
        },
        "right_ear": {
            "x": 342.2807312011719,
            "y": 132.67527770996094,
            "confidence": 0.7876165509223938
        },
        "left_shoulder": {
            "x": 471.09759521484375,
            "y": 206.15219116210938,
            "confidence": 0.9730456471443176
        },
        "right_shoulder": {
            "x": 264.49005126953125,
            "y": 244.58432006835938,
            "confidence": 0.9896650910377502
        },
        "left_elbow": {
            "x": 517.007080078125,
            "y": 337.80426025390625,
            "confidence": 0.9805105328559875
        },
        "right_elbow": {
            "x": 229.678466796875,
            "y": 409.5217590332031,
            "confidence": 0.9950670003890991
        },
        "left_wrist": {
            "x": 488.3226623535156,
            "y": 395.393798828125,
            "confidence": 0.9630976915359497
        },
        "right_wrist": {
            "x": 318.136962890625,
            "y": 364.9179992675781,
            "confidence": 0.9895833730697632
        },
        "left_hip": {
            "x": 458.5369567871094,
            "y": 482.81756591796875,
            "confidence": 0.9993062019348145
        },
        "right_hip": {
            "x": 280.24786376953125,
            "y": 509.2376708984375,
            "confidence": 0.9995288848876953
        },
        "left_knee": {
            "x": 671.5137939453125,
            "y": 553.8883056640625,
            "confidence": 0.9918423891067505
        },
        "right_knee": {
            "x": 182.68319702148438,
            "y": 599.5648803710938,
            "confidence": 0.9949588179588318
        },
        "left_ankle": {
            "x": 744.0224609375,
            "y": 769.8426513671875,
            "confidence": 0.8530349731445312
        },
        "right_ankle": {
            "x": 85.82852172851562,
            "y": 817.2174072265625,
            "confidence": 0.8709142804145813
        }
    },
    "keypoints_normalized": {
        "nose": {
            "x": 0.1502850204706192,
            "y": -1.7448121309280396,
            "confidence": 0.9917348623275757
        },
        "left_eye": {
            "x": 0.2150510549545288,
            "y": -1.8531402349472046,
            "confidence": 0.9153304100036621
        },
        "right_eye": {
            "x": 0.053455084562301636,
            "y": -1.8320515155792236,
            "confidence": 0.9849122762680054
        },
        "left_ear": {
            "x": 0.2845456302165985,
            "y": -1.7770003080368042,
            "confidence": 0.13244621455669403
        },
        "right_ear": {
            "x": -0.12901000678539276,
            "y": -1.7290009260177612,
            "confidence": 0.7876165509223938
        },
        "left_shoulder": {
            "x": 0.4839610457420349,
            "y": -1.3793631792068481,
            "confidence": 0.9730456471443176
        },
        "right_shoulder": {
            "x": -0.499174565076828,
            "y": -1.196485161781311,
            "confidence": 0.9896650910377502
        },
        "left_elbow": {
            "x": 0.7024198770523071,
            "y": -0.7529009580612183,
            "confidence": 0.9805105328559875
        },
        "right_elbow": {
            "x": -0.664824366569519,
            "y": -0.41163545846939087,
            "confidence": 0.9950670003890991
        },
        "left_wrist": {
            "x": 0.5659260153770447,
            "y": -0.4788629114627838,
            "confidence": 0.9630976915359497
        },
        "right_wrist": {
            "x": -0.24389737844467163,
            "y": -0.6238810420036316,
            "confidence": 0.9895833730697632
        },
        "left_hip": {
            "x": 0.4241916239261627,
            "y": -0.06285962462425232,
            "confidence": 0.9993062019348145
        },
        "right_hip": {
            "x": -0.4241914749145508,
            "y": 0.06285962462425232,
            "confidence": 0.9995288848876953
        },
        "left_knee": {
            "x": 1.4376353025436401,
            "y": 0.27532827854156494,
            "confidence": 0.9918423891067505
        },
        "right_knee": {
            "x": -0.8884499073028564,
            "y": 0.49267885088920593,
            "confidence": 0.9949588179588318
        },
        "left_ankle": {
            "x": 1.7826656103134155,
            "y": 1.3029403686523438,
            "confidence": 0.8530349731445312
        },
        "right_ankle": {
            "x": -1.349329948425293,
            "y": 1.5283716917037964,
            "confidence": 0.8709142804145813
        }
    },
    "rule_features": {
        "right_elbow_angle": 51.32332229614258,
        "left_elbow_angle": 134.29824829101562,
        "right_knee_angle": 156.78298950195312,
        "left_knee_angle": 127.0138931274414,
        "stance_width": 3.1400980949401855,
        "knee_width": 2.3362176418304443,
        "right_wrist_to_right_shoulder_y": 0.5726041197776794,
        "left_wrist_to_left_shoulder_y": 0.9005002677440643,
        "right_punch_vector_x": 0.25527718663215637,
        "right_punch_vector_y": 0.5726041197776794,
        "left_punch_vector_x": 0.08196496963500977,
        "left_punch_vector_y": 0.9005002677440643
    },
    "suggested_rules": {
        "kuda_kuda": {
            "stance_width_reference": 3.1400980949401855,
            "left_knee_angle_reference": 127.0138931274414,
            "right_knee_angle_reference": 156.78298950195312
        },
        "arah_tangan": {
            "right_wrist_to_right_shoulder_y_reference": 0.5726041197776794,
            "left_wrist_to_left_shoulder_y_reference": 0.9005002677440643
        },
        "arah_pukulan": {
            "right_punch_vector_x_reference": 0.25527718663215637,
            "right_punch_vector_y_reference": 0.5726041197776794,
            "left_punch_vector_x_reference": 0.08196496963500977,
            "left_punch_vector_y_reference": 0.9005002677440643
        }
    }
}