{
    "label": "pukulan2kiri",
    "image_path": "/content/drive/MyDrive/DataSet/FrameTerbaik/pukulan2kiri.png",
    "person_confidence": 0.7938793301582336,
    "normalization": {
        "center_type": "midpoint_left_right_hip",
        "scale_type": "shoulder_width_fallback_hip_width",
        "center_x": 411.10693359375,
        "center_y": 449.02679443359375,
        "scale": 182.07830810546875
    },
    "keypoints_raw": {
        "nose": {
            "x": 452.2342834472656,
            "y": 134.55352783203125,
            "confidence": 0.9989668130874634
        },
        "left_eye": {
            "x": 459.82183837890625,
            "y": 116.77110290527344,
            "confidence": 0.9632437825202942
        },
        "right_eye": {
            "x": 436.22491455078125,
            "y": 116.05632019042969,
            "confidence": 0.9989228844642639
        },
        "left_ear": {
            "x": 461.2072448730469,
            "y": 127.86954498291016,
            "confidence": 0.05580485984683037
        },
        "right_ear": {
            "x": 385.2391357421875,
            "y": 122.80681610107422,
            "confidence": 0.9813705086708069
        },
        "left_shoulder": {
            "x": 493.8130187988281,
            "y": 195.733154296875,
            "confidence": 0.990946888923645
        },
        "right_shoulder": {
            "x": 312.2317199707031,
            "y": 209.1771697998047,
            "confidence": 0.9975469708442688
        },
        "left_elbow": {
            "x": 637.6592407226562,
            "y": 212.1011505126953,
            "confidence": 0.9721205234527588
        },
        "right_elbow": {
            "x": 269.27801513671875,
            "y": 316.772216796875,
            "confidence": 0.9963093400001526
        },
        "left_wrist": {
            "x": 732.271728515625,
            "y": 162.26319885253906,
            "confidence": 0.9347120523452759
        },
        "right_wrist": {
            "x": 301.447265625,
            "y": 379.0086364746094,
            "confidence": 0.9900931715965271
        },
        "left_hip": {
            "x": 483.8288269042969,
            "y": 444.1806335449219,
            "confidence": 0.9988918900489807
        },
        "right_hip": {
            "x": 338.385009765625,
            "y": 453.87298583984375,
            "confidence": 0.9993959665298462
        },
        "left_knee": {
            "x": 613.1390991210938,
            "y": 495.9254150390625,
            "confidence": 0.9838233590126038
        },
        "right_knee": {
            "x": 231.2925567626953,
            "y": 517.5756225585938,
            "confidence": 0.9923576712608337
        },
        "left_ankle": {
            "x": 672.8175048828125,
            "y": 679.9041137695312,
            "confidence": 0.765807569026947
        },
        "right_ankle": {
            "x": 144.9717254638672,
            "y": 708.5849609375,
            "confidence": 0.811420202255249
        }
    },
    "keypoints_normalized": {
        "nose": {
            "x": 0.22587727010250092,
            "y": -1.727131962776184,
            "confidence": 0.9989668130874634
        },
        "left_eye": {
            "x": 0.26754918694496155,
            "y": -1.8247954845428467,
            "confidence": 0.9632437825202942
        },
        "right_eye": {
            "x": 0.13795152306556702,
            "y": -1.8287211656570435,
            "confidence": 0.9989228844642639
        },
        "left_ear": {
            "x": 0.2751580476760864,
            "y": -1.7638413906097412,
            "confidence": 0.05580485984683037
        },
        "right_ear": {
            "x": -0.14206962287425995,
            "y": -1.7916464805603027,
            "confidence": 0.9813705086708069
        },
        "left_shoulder": {
            "x": 0.4542335867881775,
            "y": -1.3911247253417969,
            "confidence": 0.990946888923645
        },
        "right_shoulder": {
            "x": -0.5430367588996887,
            "y": -1.3172882795333862,
            "confidence": 0.9975469708442688
        },
        "left_elbow": {
            "x": 1.2442575693130493,
            "y": -1.3012293577194214,
            "confidence": 0.9721205234527588
        },
        "right_elbow": {
            "x": -0.7789446115493774,
            "y": -0.7263609766960144,
            "confidence": 0.9963093400001526
        },
        "left_wrist": {
            "x": 1.7638827562332153,
            "y": -1.574946641921997,
            "confidence": 0.9347120523452759
        },
        "right_wrist": {
            "x": -0.6022664904594421,
            "y": -0.38454970717430115,
            "confidence": 0.9900931715965271
        },
        "left_hip": {
            "x": 0.3993989825248718,
            "y": -0.02661580592393875,
            "confidence": 0.9988918900489807
        },
        "right_hip": {
            "x": -0.39939916133880615,
            "y": 0.026615973562002182,
            "confidence": 0.9993959665298462
        },
        "left_knee": {
            "x": 1.1095894575119019,
            "y": 0.2575739026069641,
            "confidence": 0.9838233590126038
        },
        "right_knee": {
            "x": -0.9875661730766296,
            "y": 0.3764799237251282,
            "confidence": 0.9923576712608337
        },
        "left_ankle": {
            "x": 1.4373517036437988,
            "y": 1.2680110931396484,
            "confidence": 0.765807569026947
        },
        "right_ankle": {
            "x": -1.461652398109436,
            "y": 1.4255304336547852,
            "confidence": 0.811420202255249
        }
    },
    "rule_features": {
        "right_elbow_angle": 130.90341186523438,
        "left_elbow_angle": 145.7299041748047,
        "right_knee_angle": 145.06491088867188,
        "left_knee_angle": 129.78115844726562,
        "stance_width": 2.90328049659729,
        "knee_width": 2.1005237102508545,
        "right_wrist_to_right_shoulder_y": 0.9327385723590851,
        "left_wrist_to_left_shoulder_y": -0.1838219165802002,
        "right_punch_vector_x": -0.05922973155975342,
        "right_punch_vector_y": 0.9327385723590851,
        "left_punch_vector_x": 1.3096491694450378,
        "left_punch_vector_y": -0.1838219165802002
    },
    "suggested_rules": {
        "kuda_kuda": {
            "stance_width_reference": 2.90328049659729,
            "left_knee_angle_reference": 129.78115844726562,
            "right_knee_angle_reference": 145.06491088867188
        },
        "arah_tangan": {
            "right_wrist_to_right_shoulder_y_reference": 0.9327385723590851,
            "left_wrist_to_left_shoulder_y_reference": -0.1838219165802002
        },
        "arah_pukulan": {
            "right_punch_vector_x_reference": -0.05922973155975342,
            "right_punch_vector_y_reference": 0.9327385723590851,
            "left_punch_vector_x_reference": 1.3096491694450378,
            "left_punch_vector_y_reference": -0.1838219165802002
        }
    }
}