{
    "label": "tangkisan2kiri",
    "image_path": "/content/drive/MyDrive/DataSet/FrameTerbaik/tangkisan2kiri.jpg",
    "person_confidence": 0.9358922243118286,
    "normalization": {
        "center_type": "midpoint_left_right_hip",
        "scale_type": "shoulder_width_fallback_hip_width",
        "center_x": 898.5396728515625,
        "center_y": 653.2803955078125,
        "scale": 107.62677001953125
    },
    "keypoints_raw": {
        "nose": {
            "x": 873.841796875,
            "y": 251.54122924804688,
            "confidence": 0.9899554252624512
        },
        "left_eye": {
            "x": 905.7127685546875,
            "y": 231.63450622558594,
            "confidence": 0.9782785177230835
        },
        "right_eye": {
            "x": 860.331298828125,
            "y": 225.2391815185547,
            "confidence": 0.9422470927238464
        },
        "left_ear": {
            "x": 962.2630004882812,
            "y": 254.17835998535156,
            "confidence": 0.8749009370803833
        },
        "right_ear": {
            "x": 853.5343017578125,
            "y": 240.71351623535156,
            "confidence": 0.48251771926879883
        },
        "left_shoulder": {
            "x": 951.3466186523438,
            "y": 345.64886474609375,
            "confidence": 0.9965636134147644
        },
        "right_shoulder": {
            "x": 845.1903686523438,
            "y": 363.37939453125,
            "confidence": 0.9918678402900696
        },
        "left_elbow": {
            "x": 835.796142578125,
            "y": 395.58013916015625,
            "confidence": 0.9952240586280823
        },
        "right_elbow": {
            "x": 854.8162231445312,
            "y": 541.9835815429688,
            "confidence": 0.9818520545959473
        },
        "left_wrist": {
            "x": 765.6233520507812,
            "y": 269.3204040527344,
            "confidence": 0.9841369390487671
        },
        "right_wrist": {
            "x": 810.1477661132812,
            "y": 573.2052612304688,
            "confidence": 0.9619517922401428
        },
        "left_hip": {
            "x": 964.056884765625,
            "y": 653.0714721679688,
            "confidence": 0.9992214441299438
        },
        "right_hip": {
            "x": 833.0224609375,
            "y": 653.4893188476562,
            "confidence": 0.9987962245941162
        },
        "left_knee": {
            "x": 1139.9791259765625,
            "y": 729.9158325195312,
            "confidence": 0.9961907863616943
        },
        "right_knee": {
            "x": 669.8085327148438,
            "y": 712.6682739257812,
            "confidence": 0.9944007992744446
        },
        "left_ankle": {
            "x": 1247.5045166015625,
            "y": 955.4500122070312,
            "confidence": 0.9746330380439758
        },
        "right_ankle": {
            "x": 543.4127197265625,
            "y": 956.786376953125,
            "confidence": 0.9672006964683533
        }
    },
    "keypoints_normalized": {
        "nose": {
            "x": -0.22947707772254944,
            "y": -3.7327067852020264,
            "confidence": 0.9899554252624512
        },
        "left_eye": {
            "x": 0.06664787977933884,
            "y": -3.9176671504974365,
            "confidence": 0.9782785177230835
        },
        "right_eye": {
            "x": -0.3550080955028534,
            "y": -3.977088689804077,
            "confidence": 0.9422470927238464
        },
        "left_ear": {
            "x": 0.5920769572257996,
            "y": -3.7082042694091797,
            "confidence": 0.8749009370803833
        },
        "right_ear": {
            "x": -0.4181614816188812,
            "y": -3.833311080932617,
            "confidence": 0.48251771926879883
        },
        "left_shoulder": {
            "x": 0.4906488060951233,
            "y": -2.8583178520202637,
            "confidence": 0.9965636134147644
        },
        "right_shoulder": {
            "x": -0.4956880509853363,
            "y": -2.6935770511627197,
            "confidence": 0.9918678402900696
        },
        "left_elbow": {
            "x": -0.582973301410675,
            "y": -2.394388198852539,
            "confidence": 0.9952240586280823
        },
        "right_elbow": {
            "x": -0.4062506854534149,
            "y": -1.0340996980667114,
            "confidence": 0.9818520545959473
        },
        "left_wrist": {
            "x": -1.2349745035171509,
            "y": -3.567513942718506,
            "confidence": 0.9841369390487671
        },
        "right_wrist": {
            "x": -0.8212817907333374,
            "y": -0.7440075874328613,
            "confidence": 0.9619517922401428
        },
        "left_hip": {
            "x": 0.6087445616722107,
            "y": -0.001941183814778924,
            "confidence": 0.9992214441299438
        },
        "right_hip": {
            "x": -0.6087445616722107,
            "y": 0.001941183814778924,
            "confidence": 0.9987962245941162
        },
        "left_knee": {
            "x": 2.243303060531616,
            "y": 0.7120481133460999,
            "confidence": 0.9961907863616943
        },
        "right_knee": {
            "x": -2.125225305557251,
            "y": 0.5517946481704712,
            "confidence": 0.9944007992744446
        },
        "left_ankle": {
            "x": 3.242361068725586,
            "y": 2.8075692653656006,
            "confidence": 0.9746330380439758
        },
        "right_ankle": {
            "x": -3.2996153831481934,
            "y": 2.819985866546631,
            "confidence": 0.9672006964683533
        }
    },
    "rule_features": {
        "right_elbow_angle": 121.86721801757812,
        "left_elbow_angle": 95.69451904296875,
        "right_knee_angle": 137.30343627929688,
        "left_knee_angle": 139.08599853515625,
        "stance_width": 6.541987895965576,
        "knee_width": 4.371466636657715,
        "right_wrist_to_right_shoulder_y": 1.9495694637298584,
        "left_wrist_to_left_shoulder_y": -0.7091960906982422,
        "right_punch_vector_x": -0.3255937397480011,
        "right_punch_vector_y": 1.9495694637298584,
        "left_punch_vector_x": -1.7256233096122742,
        "left_punch_vector_y": -0.7091960906982422
    },
    "suggested_rules": {
        "kuda_kuda": {
            "stance_width_reference": 6.541987895965576,
            "left_knee_angle_reference": 139.08599853515625,
            "right_knee_angle_reference": 137.30343627929688
        },
        "arah_tangan": {
            "right_wrist_to_right_shoulder_y_reference": 1.9495694637298584,
            "left_wrist_to_left_shoulder_y_reference": -0.7091960906982422
        },
        "arah_pukulan": {
            "right_punch_vector_x_reference": -0.3255937397480011,
            "right_punch_vector_y_reference": 1.9495694637298584,
            "left_punch_vector_x_reference": -1.7256233096122742,
            "left_punch_vector_y_reference": -0.7091960906982422
        }
    }
}