{
    "label": "tangkisan1kanan",
    "image_path": "/content/drive/MyDrive/DataSet/FrameTerbaik/tangkisan1kanan.jpg",
    "person_confidence": 0.9247586727142334,
    "normalization": {
        "center_type": "midpoint_left_right_hip",
        "scale_type": "shoulder_width_fallback_hip_width",
        "center_x": 953.1447143554688,
        "center_y": 601.736572265625,
        "scale": 203.9362030029297
    },
    "keypoints_raw": {
        "nose": {
            "x": 964.2486572265625,
            "y": 209.93453979492188,
            "confidence": 0.9926190972328186
        },
        "left_eye": {
            "x": 987.0328369140625,
            "y": 189.5665740966797,
            "confidence": 0.9755880832672119
        },
        "right_eye": {
            "x": 946.2525024414062,
            "y": 191.1719970703125,
            "confidence": 0.9718117117881775
        },
        "left_ear": {
            "x": 1018.631103515625,
            "y": 205.87033081054688,
            "confidence": 0.840598464012146
        },
        "right_ear": {
            "x": 920.915283203125,
            "y": 208.7003173828125,
            "confidence": 0.7415322065353394
        },
        "left_shoulder": {
            "x": 1068.593505859375,
            "y": 303.44903564453125,
            "confidence": 0.9974448680877686
        },
        "right_shoulder": {
            "x": 864.6867065429688,
            "y": 306.9117736816406,
            "confidence": 0.9973475933074951
        },
        "left_elbow": {
            "x": 1099.379638671875,
            "y": 439.9959411621094,
            "confidence": 0.9940308928489685
        },
        "right_elbow": {
            "x": 827.4957885742188,
            "y": 320.38006591796875,
            "confidence": 0.9941459894180298
        },
        "left_wrist": {
            "x": 1073.3280029296875,
            "y": 524.8057250976562,
            "confidence": 0.9828503131866455
        },
        "right_wrist": {
            "x": 803.3079223632812,
            "y": 138.71017456054688,
            "confidence": 0.9808942675590515
        },
        "left_hip": {
            "x": 1039.987060546875,
            "y": 598.5343627929688,
            "confidence": 0.9994370341300964
        },
        "right_hip": {
            "x": 866.3023681640625,
            "y": 604.9388427734375,
            "confidence": 0.9994062185287476
        },
        "left_knee": {
            "x": 1201.2381591796875,
            "y": 685.3958740234375,
            "confidence": 0.9956067204475403
        },
        "right_knee": {
            "x": 719.8272705078125,
            "y": 696.216064453125,
            "confidence": 0.9956250786781311
        },
        "left_ankle": {
            "x": 1285.5960693359375,
            "y": 867.2080078125,
            "confidence": 0.9651510119438171
        },
        "right_ankle": {
            "x": 643.2611694335938,
            "y": 872.3452758789062,
            "confidence": 0.9658001661300659
        }
    },
    "keypoints_normalized": {
        "nose": {
            "x": 0.054448120296001434,
            "y": -1.9211989641189575,
            "confidence": 0.9926190972328186
        },
        "left_eye": {
            "x": 0.16617020964622498,
            "y": -2.02107310295105,
            "confidence": 0.9755880832672119
        },
        "right_eye": {
            "x": -0.03379592299461365,
            "y": -2.0132009983062744,
            "confidence": 0.9718117117881775
        },
        "left_ear": {
            "x": 0.32111212611198425,
            "y": -1.941127896308899,
            "confidence": 0.840598464012146
        },
        "right_ear": {
            "x": -0.15803682804107666,
            "y": -1.9272509813308716,
            "confidence": 0.7415322065353394
        },
        "left_shoulder": {
            "x": 0.5661025047302246,
            "y": -1.462651252746582,
            "confidence": 0.9974448680877686
        },
        "right_shoulder": {
            "x": -0.4337533414363861,
            "y": -1.4456716775894165,
            "confidence": 0.9973475933074951
        },
        "left_elbow": {
            "x": 0.7170621156692505,
            "y": -0.793094277381897,
            "confidence": 0.9940308928489685
        },
        "right_elbow": {
            "x": -0.6161187887191772,
            "y": -1.3796299695968628,
            "confidence": 0.9941459894180298
        },
        "left_wrist": {
            "x": 0.589318037033081,
            "y": -0.3772299587726593,
            "confidence": 0.9828503131866455
        },
        "right_wrist": {
            "x": -0.7347238659858704,
            "y": -2.270447254180908,
            "confidence": 0.9808942675590515
        },
        "left_hip": {
            "x": 0.4258309602737427,
            "y": -0.0157020166516304,
            "confidence": 0.9994370341300964
        },
        "right_hip": {
            "x": -0.4258309602737427,
            "y": 0.01570231467485428,
            "confidence": 0.9994062185287476
        },
        "left_knee": {
            "x": 1.2165248394012451,
            "y": 0.4102229177951813,
            "confidence": 0.9956067204475403
        },
        "right_knee": {
            "x": -1.1440707445144653,
            "y": 0.4632796347141266,
            "confidence": 0.9956250786781311
        },
        "left_ankle": {
            "x": 1.6301733255386353,
            "y": 1.301737666130066,
            "confidence": 0.9651510119438171
        },
        "right_ankle": {
            "x": -1.5195121765136719,
            "y": 1.3269282579421997,
            "confidence": 0.9658001661300659
        }
    },
    "rule_features": {
        "right_elbow_angle": 77.67654418945312,
        "left_elbow_angle": 150.21865844726562,
        "right_knee_angle": 145.42477416992188,
        "left_knee_angle": 143.2006378173828,
        "stance_width": 3.1497859954833984,
        "knee_width": 2.361191987991333,
        "right_wrist_to_right_shoulder_y": -0.8247755765914917,
        "left_wrist_to_left_shoulder_y": 1.0854212939739227,
        "right_punch_vector_x": -0.30097052454948425,
        "right_punch_vector_y": -0.8247755765914917,
        "left_punch_vector_x": 0.023215532302856445,
        "left_punch_vector_y": 1.0854212939739227
    },
    "suggested_rules": {
        "kuda_kuda": {
            "stance_width_reference": 3.1497859954833984,
            "left_knee_angle_reference": 143.2006378173828,
            "right_knee_angle_reference": 145.42477416992188
        },
        "arah_tangan": {
            "right_wrist_to_right_shoulder_y_reference": -0.8247755765914917,
            "left_wrist_to_left_shoulder_y_reference": 1.0854212939739227
        },
        "arah_pukulan": {
            "right_punch_vector_x_reference": -0.30097052454948425,
            "right_punch_vector_y_reference": -0.8247755765914917,
            "left_punch_vector_x_reference": 0.023215532302856445,
            "left_punch_vector_y_reference": 1.0854212939739227
        }
    }
}