{
    "label": "tangkisan3kanan",
    "image_path": "/content/drive/MyDrive/DataSet/FrameTerbaik/tangkisan3kanan.jpg",
    "person_confidence": 0.9180744886398315,
    "normalization": {
        "center_type": "midpoint_left_right_hip",
        "scale_type": "shoulder_width_fallback_hip_width",
        "center_x": 937.9520263671875,
        "center_y": 643.0471801757812,
        "scale": 178.38662719726562
    },
    "keypoints_raw": {
        "nose": {
            "x": 952.208740234375,
            "y": 294.36297607421875,
            "confidence": 0.9901902675628662
        },
        "left_eye": {
            "x": 971.3892211914062,
            "y": 273.0245666503906,
            "confidence": 0.9723985195159912
        },
        "right_eye": {
            "x": 931.6173706054688,
            "y": 278.1072692871094,
            "confidence": 0.961175799369812
        },
        "left_ear": {
            "x": 1004.838134765625,
            "y": 279.5372619628906,
            "confidence": 0.8373293280601501
        },
        "right_ear": {
            "x": 907.6915283203125,
            "y": 285.8634948730469,
            "confidence": 0.6734704375267029
        },
        "left_shoulder": {
            "x": 1040.912353515625,
            "y": 381.37921142578125,
            "confidence": 0.9971179962158203
        },
        "right_shoulder": {
            "x": 873.1084594726562,
            "y": 320.8511962890625,
            "confidence": 0.9950628876686096
        },
        "left_elbow": {
            "x": 1069.3455810546875,
            "y": 493.90899658203125,
            "confidence": 0.9944992065429688
        },
        "right_elbow": {
            "x": 865.3925170898438,
            "y": 212.35890197753906,
            "confidence": 0.9899632334709167
        },
        "left_wrist": {
            "x": 1038.3751220703125,
            "y": 537.7345581054688,
            "confidence": 0.9874968528747559
        },
        "right_wrist": {
            "x": 980.3433837890625,
            "y": 169.10092163085938,
            "confidence": 0.9751423001289368
        },
        "left_hip": {
            "x": 1015.2822875976562,
            "y": 649.4247436523438,
            "confidence": 0.9995056390762329
        },
        "right_hip": {
            "x": 860.6217041015625,
            "y": 636.6696166992188,
            "confidence": 0.9993025064468384
        },
        "left_knee": {
            "x": 1158.6015625,
            "y": 718.0637817382812,
            "confidence": 0.9965054988861084
        },
        "right_knee": {
            "x": 726.0267944335938,
            "y": 732.8888549804688,
            "confidence": 0.9955453872680664
        },
        "left_ankle": {
            "x": 1286.8543701171875,
            "y": 865.946044921875,
            "confidence": 0.9764754772186279
        },
        "right_ankle": {
            "x": 639.1861572265625,
            "y": 894.8207397460938,
            "confidence": 0.9727035164833069
        }
    },
    "keypoints_normalized": {
        "nose": {
            "x": 0.07992030680179596,
            "y": -1.954654335975647,
            "confidence": 0.9901902675628662
        },
        "left_eye": {
            "x": 0.18744227290153503,
            "y": -2.0742733478546143,
            "confidence": 0.9723985195159912
        },
        "right_eye": {
            "x": -0.035510823130607605,
            "y": -2.045780658721924,
            "confidence": 0.961175799369812
        },
        "left_ear": {
            "x": 0.37495023012161255,
            "y": -2.037764310836792,
            "confidence": 0.8373293280601501
        },
        "right_ear": {
            "x": -0.16963434219360352,
            "y": -2.00230073928833,
            "confidence": 0.6734704375267029
        },
        "left_shoulder": {
            "x": 0.5771751403808594,
            "y": -1.4668586254119873,
            "confidence": 0.9971179962158203
        },
        "right_shoulder": {
            "x": -0.3635001480579376,
            "y": -1.806166648864746,
            "confidence": 0.9950628876686096
        },
        "left_elbow": {
            "x": 0.7365661859512329,
            "y": -0.8360390067100525,
            "confidence": 0.9944992065429688
        },
        "right_elbow": {
            "x": -0.40675419569015503,
            "y": -2.414353132247925,
            "confidence": 0.9899632334709167
        },
        "left_wrist": {
            "x": 0.562951922416687,
            "y": -0.5903616547584534,
            "confidence": 0.9874968528747559
        },
        "right_wrist": {
            "x": 0.23763753473758698,
            "y": -2.656848669052124,
            "confidence": 0.9751423001289368
        },
        "left_hip": {
            "x": 0.4334980845451355,
            "y": 0.035751353949308395,
            "confidence": 0.9995056390762329
        },
        "right_hip": {
            "x": -0.43349841237068176,
            "y": -0.035751353949308395,
            "confidence": 0.9993025064468384
        },
        "left_knee": {
            "x": 1.236917495727539,
            "y": 0.4205281734466553,
            "confidence": 0.9965054988861084
        },
        "right_knee": {
            "x": -1.188010811805725,
            "y": 0.5036345720291138,
            "confidence": 0.9955453872680664
        },
        "left_ankle": {
            "x": 1.9558771848678589,
            "y": 1.2495267391204834,
            "confidence": 0.9764754772186279
        },
        "right_ankle": {
            "x": -1.6748220920562744,
            "y": 1.4113925695419312,
            "confidence": 0.9727035164833069
        }
    },
    "rule_features": {
        "right_elbow_angle": 106.55415344238281,
        "left_elbow_angle": 130.57177734375,
        "right_knee_angle": 153.76393127441406,
        "left_knee_angle": 156.52474975585938,
        "stance_width": 3.634305477142334,
        "knee_width": 2.42635178565979,
        "right_wrist_to_right_shoulder_y": -0.8506820201873779,
        "left_wrist_to_left_shoulder_y": 0.8764969706535339,
        "right_punch_vector_x": 0.6011376827955246,
        "right_punch_vector_y": -0.8506820201873779,
        "left_punch_vector_x": -0.014223217964172363,
        "left_punch_vector_y": 0.8764969706535339
    },
    "suggested_rules": {
        "kuda_kuda": {
            "stance_width_reference": 3.634305477142334,
            "left_knee_angle_reference": 156.52474975585938,
            "right_knee_angle_reference": 153.76393127441406
        },
        "arah_tangan": {
            "right_wrist_to_right_shoulder_y_reference": -0.8506820201873779,
            "left_wrist_to_left_shoulder_y_reference": 0.8764969706535339
        },
        "arah_pukulan": {
            "right_punch_vector_x_reference": 0.6011376827955246,
            "right_punch_vector_y_reference": -0.8506820201873779,
            "left_punch_vector_x_reference": -0.014223217964172363,
            "left_punch_vector_y_reference": 0.8764969706535339
        }
    }
}