{
    "label": "tangkisan2kanan",
    "image_path": "/content/drive/MyDrive/DataSet/FrameTerbaik/tangkisan2kanan.jpg",
    "person_confidence": 0.9368352293968201,
    "normalization": {
        "center_type": "midpoint_left_right_hip",
        "scale_type": "shoulder_width_fallback_hip_width",
        "center_x": 1017.3863525390625,
        "center_y": 665.1289672851562,
        "scale": 118.94659423828125
    },
    "keypoints_raw": {
        "nose": {
            "x": 1040.06689453125,
            "y": 246.9873504638672,
            "confidence": 0.9933078289031982
        },
        "left_eye": {
            "x": 1058.676025390625,
            "y": 225.70230102539062,
            "confidence": 0.9347968697547913
        },
        "right_eye": {
            "x": 1016.7592163085938,
            "y": 229.53240966796875,
            "confidence": 0.9896648526191711
        },
        "left_ear": {
            "x": 1077.916015625,
            "y": 251.14581298828125,
            "confidence": 0.34812578558921814
        },
        "right_ear": {
            "x": 968.370849609375,
            "y": 254.3642120361328,
            "confidence": 0.9126355051994324
        },
        "left_shoulder": {
            "x": 1077.4666748046875,
            "y": 363.5873107910156,
            "confidence": 0.9848889112472534
        },
        "right_shoulder": {
            "x": 958.705078125,
            "y": 356.95587158203125,
            "confidence": 0.9977479577064514
        },
        "left_elbow": {
            "x": 1091.8153076171875,
            "y": 529.8429565429688,
            "confidence": 0.9609130024909973
        },
        "right_elbow": {
            "x": 1090.3050537109375,
            "y": 395.9198303222656,
            "confidence": 0.9976907968521118
        },
        "left_wrist": {
            "x": 1113.510498046875,
            "y": 586.7734375,
            "confidence": 0.9413662552833557
        },
        "right_wrist": {
            "x": 1161.07666015625,
            "y": 245.682861328125,
            "confidence": 0.9918310046195984
        },
        "left_hip": {
            "x": 1086.1563720703125,
            "y": 659.690673828125,
            "confidence": 0.9981027245521545
        },
        "right_hip": {
            "x": 948.6163330078125,
            "y": 670.5672607421875,
            "confidence": 0.999275267124176
        },
        "left_knee": {
            "x": 1263.9683837890625,
            "y": 712.4893798828125,
            "confidence": 0.9914095997810364
        },
        "right_knee": {
            "x": 813.8339233398438,
            "y": 754.24169921875,
            "confidence": 0.9970115423202515
        },
        "left_ankle": {
            "x": 1377.806396484375,
            "y": 927.0162963867188,
            "confidence": 0.9569750428199768
        },
        "right_ankle": {
            "x": 709.0914916992188,
            "y": 990.5341186523438,
            "confidence": 0.9771926999092102
        }
    },
    "keypoints_normalized": {
        "nose": {
            "x": 0.19067835807800293,
            "y": -3.5153725147247314,
            "confidence": 0.9933078289031982
        },
        "left_eye": {
            "x": 0.3471278250217438,
            "y": -3.694319009780884,
            "confidence": 0.9347968697547913
        },
        "right_eye": {
            "x": -0.005272418726235628,
            "y": -3.662118673324585,
            "confidence": 0.9896648526191711
        },
        "left_ear": {
            "x": 0.5088810324668884,
            "y": -3.480412006378174,
            "confidence": 0.34812578558921814
        },
        "right_ear": {
            "x": -0.41207993030548096,
            "y": -3.453354597091675,
            "confidence": 0.9126355051994324
        },
        "left_shoulder": {
            "x": 0.505103349685669,
            "y": -2.5351011753082275,
            "confidence": 0.9848889112472534
        },
        "right_shoulder": {
            "x": -0.4933413565158844,
            "y": -2.590852737426758,
            "confidence": 0.9977479577064514
        },
        "left_elbow": {
            "x": 0.6257342100143433,
            "y": -1.1373677253723145,
            "confidence": 0.9609130024909973
        },
        "right_elbow": {
            "x": 0.6130373477935791,
            "y": -2.263277292251587,
            "confidence": 0.9976907968521118
        },
        "left_wrist": {
            "x": 0.8081285953521729,
            "y": -0.6587454676628113,
            "confidence": 0.9413662552833557
        },
        "right_wrist": {
            "x": 1.2080236673355103,
            "y": -3.5263397693634033,
            "confidence": 0.9918310046195984
        },
        "left_hip": {
            "x": 0.5781587958335876,
            "y": -0.04572046548128128,
            "confidence": 0.9981027245521545
        },
        "right_hip": {
            "x": -0.5781587958335876,
            "y": 0.04572046548128128,
            "confidence": 0.999275267124176
        },
        "left_knee": {
            "x": 2.0730483531951904,
            "y": 0.39816534519195557,
            "confidence": 0.9914095997810364
        },
        "right_knee": {
            "x": -1.7112926244735718,
            "y": 0.7491827011108398,
            "confidence": 0.9970115423202515
        },
        "left_ankle": {
            "x": 3.030099630355835,
            "y": 2.2017219066619873,
            "confidence": 0.9569750428199768
        },
        "right_ankle": {
            "x": -2.591876268386841,
            "y": 2.735724925994873,
            "confidence": 0.9771926999092102
        }
    },
    "rule_features": {
        "right_elbow_angle": 98.73062896728516,
        "left_elbow_angle": 164.0717010498047,
        "right_knee_angle": 145.73895263671875,
        "left_knee_angle": 134.4905242919922,
        "stance_width": 5.647280216217041,
        "knee_width": 3.8005852699279785,
        "right_wrist_to_right_shoulder_y": -0.9354870319366455,
        "left_wrist_to_left_shoulder_y": 1.8763557076454163,
        "right_punch_vector_x": 1.7013650238513947,
        "right_punch_vector_y": -0.9354870319366455,
        "left_punch_vector_x": 0.3030252456665039,
        "left_punch_vector_y": 1.8763557076454163
    },
    "suggested_rules": {
        "kuda_kuda": {
            "stance_width_reference": 5.647280216217041,
            "left_knee_angle_reference": 134.4905242919922,
            "right_knee_angle_reference": 145.73895263671875
        },
        "arah_tangan": {
            "right_wrist_to_right_shoulder_y_reference": -0.9354870319366455,
            "left_wrist_to_left_shoulder_y_reference": 1.8763557076454163
        },
        "arah_pukulan": {
            "right_punch_vector_x_reference": 1.7013650238513947,
            "right_punch_vector_y_reference": -0.9354870319366455,
            "left_punch_vector_x_reference": 0.3030252456665039,
            "left_punch_vector_y_reference": 1.8763557076454163
        }
    }
}