{
    "label": "tangkisan1kiri",
    "image_path": "/content/drive/MyDrive/DataSet/FrameTerbaik/tangkisan1kiri.jpg",
    "person_confidence": 0.9241117835044861,
    "normalization": {
        "center_type": "midpoint_left_right_hip",
        "scale_type": "shoulder_width_fallback_hip_width",
        "center_x": 974.6223754882812,
        "center_y": 603.2767333984375,
        "scale": 186.2687225341797
    },
    "keypoints_raw": {
        "nose": {
            "x": 948.418212890625,
            "y": 208.90557861328125,
            "confidence": 0.9936973452568054
        },
        "left_eye": {
            "x": 971.8484497070312,
            "y": 191.17098999023438,
            "confidence": 0.97074294090271
        },
        "right_eye": {
            "x": 929.2463989257812,
            "y": 186.51768493652344,
            "confidence": 0.9795219302177429
        },
        "left_ear": {
            "x": 1005.105712890625,
            "y": 210.89419555664062,
            "confidence": 0.7704212069511414
        },
        "right_ear": {
            "x": 897.17236328125,
            "y": 200.73692321777344,
            "confidence": 0.7888553142547607
        },
        "left_shoulder": {
            "x": 1045.861572265625,
            "y": 304.94635009765625,
            "confidence": 0.9976876974105835
        },
        "right_shoulder": {
            "x": 859.6356811523438,
            "y": 308.94091796875,
            "confidence": 0.9975813627243042
        },
        "left_elbow": {
            "x": 1114.7772216796875,
            "y": 327.7208557128906,
            "confidence": 0.9941494464874268
        },
        "right_elbow": {
            "x": 841.1422729492188,
            "y": 445.3404541015625,
            "confidence": 0.9944846034049988
        },
        "left_wrist": {
            "x": 1105.9669189453125,
            "y": 151.7123565673828,
            "confidence": 0.9829103350639343
        },
        "right_wrist": {
            "x": 844.365478515625,
            "y": 529.5948486328125,
            "confidence": 0.9845494031906128
        },
        "left_hip": {
            "x": 1056.7774658203125,
            "y": 605.874267578125,
            "confidence": 0.9995341300964355
        },
        "right_hip": {
            "x": 892.46728515625,
            "y": 600.6791381835938,
            "confidence": 0.999542236328125
        },
        "left_knee": {
            "x": 1195.447021484375,
            "y": 701.5142211914062,
            "confidence": 0.9964532852172852
        },
        "right_knee": {
            "x": 725.0379028320312,
            "y": 684.3678588867188,
            "confidence": 0.9967119693756104
        },
        "left_ankle": {
            "x": 1283.541015625,
            "y": 877.470703125,
            "confidence": 0.9710543155670166
        },
        "right_ankle": {
            "x": 625.6493530273438,
            "y": 879.691650390625,
            "confidence": 0.971379280090332
        }
    },
    "keypoints_normalized": {
        "nose": {
            "x": -0.14067934453487396,
            "y": -2.117216110229492,
            "confidence": 0.9936973452568054
        },
        "left_eye": {
            "x": -0.014892064034938812,
            "y": -2.212425947189331,
            "confidence": 0.97074294090271
        },
        "right_eye": {
            "x": -0.24360491335391998,
            "y": -2.2374074459075928,
            "confidence": 0.9795219302177429
        },
        "left_ear": {
            "x": 0.1636524796485901,
            "y": -2.1065402030944824,
            "confidence": 0.7704212069511414
        },
        "right_ear": {
            "x": -0.4157972037792206,
            "y": -2.1610703468322754,
            "confidence": 0.7888553142547607
        },
        "left_shoulder": {
            "x": 0.38245388865470886,
            "y": -1.60161292552948,
            "confidence": 0.9976876974105835
        },
        "right_shoulder": {
            "x": -0.6173161864280701,
            "y": -1.5801676511764526,
            "confidence": 0.9975813627243042
        },
        "left_elbow": {
            "x": 0.7524335980415344,
            "y": -1.4793459177017212,
            "confidence": 0.9941494464874268
        },
        "right_elbow": {
            "x": -0.7165996432304382,
            "y": -0.8478947877883911,
            "confidence": 0.9944846034049988
        },
        "left_wrist": {
            "x": 0.7051347494125366,
            "y": -2.4242630004882812,
            "confidence": 0.9829103350639343
        },
        "right_wrist": {
            "x": -0.6992955803871155,
            "y": -0.3955676853656769,
            "confidence": 0.9845494031906128
        },
        "left_hip": {
            "x": 0.4410568177700043,
            "y": 0.01394509058445692,
            "confidence": 0.9995341300964355
        },
        "right_hip": {
            "x": -0.4410568177700043,
            "y": -0.013945418410003185,
            "confidence": 0.999542236328125
        },
        "left_knee": {
            "x": 1.1855164766311646,
            "y": 0.527396559715271,
            "confidence": 0.9964532852172852
        },
        "right_knee": {
            "x": -1.3399161100387573,
            "y": 0.4353448450565338,
            "confidence": 0.9967119693756104
        },
        "left_ankle": {
            "x": 1.658456802368164,
            "y": 1.4720344543457031,
            "confidence": 0.9710543155670166
        },
        "right_ankle": {
            "x": -1.8734923601150513,
            "y": 1.4839577674865723,
            "confidence": 0.971379280090332
        }
    },
    "rule_features": {
        "right_elbow_angle": 170.0879364013672,
        "left_elbow_angle": 68.84723663330078,
        "right_knee_angle": 143.52674865722656,
        "left_knee_angle": 151.18910217285156,
        "stance_width": 3.5319690704345703,
        "knee_width": 2.5271096229553223,
        "right_wrist_to_right_shoulder_y": 1.1845999658107758,
        "left_wrist_to_left_shoulder_y": -0.8226500749588013,
        "right_punch_vector_x": -0.08197939395904541,
        "right_punch_vector_y": 1.1845999658107758,
        "left_punch_vector_x": 0.32268086075782776,
        "left_punch_vector_y": -0.8226500749588013
    },
    "suggested_rules": {
        "kuda_kuda": {
            "stance_width_reference": 3.5319690704345703,
            "left_knee_angle_reference": 151.18910217285156,
            "right_knee_angle_reference": 143.52674865722656
        },
        "arah_tangan": {
            "right_wrist_to_right_shoulder_y_reference": 1.1845999658107758,
            "left_wrist_to_left_shoulder_y_reference": -0.8226500749588013
        },
        "arah_pukulan": {
            "right_punch_vector_x_reference": -0.08197939395904541,
            "right_punch_vector_y_reference": 1.1845999658107758,
            "left_punch_vector_x_reference": 0.32268086075782776,
            "left_punch_vector_y_reference": -0.8226500749588013
        }
    }
}