{
    "label": "tangkisan3kiri",
    "image_path": "/content/drive/MyDrive/DataSet/FrameTerbaik/tangkisan3kiri.jpg",
    "person_confidence": 0.9172461032867432,
    "normalization": {
        "center_type": "midpoint_left_right_hip",
        "scale_type": "shoulder_width_fallback_hip_width",
        "center_x": 864.18896484375,
        "center_y": 673.7406005859375,
        "scale": 198.31979370117188
    },
    "keypoints_raw": {
        "nose": {
            "x": 861.284912109375,
            "y": 298.58319091796875,
            "confidence": 0.9901553392410278
        },
        "left_eye": {
            "x": 885.7644653320312,
            "y": 279.621826171875,
            "confidence": 0.9723215699195862
        },
        "right_eye": {
            "x": 846.2386474609375,
            "y": 276.0386657714844,
            "confidence": 0.9601367115974426
        },
        "left_ear": {
            "x": 924.2529296875,
            "y": 285.16070556640625,
            "confidence": 0.8492321372032166
        },
        "right_ear": {
            "x": 826.513427734375,
            "y": 285.80859375,
            "confidence": 0.6414439678192139
        },
        "left_shoulder": {
            "x": 968.0894165039062,
            "y": 335.73577880859375,
            "confidence": 0.9963133931159973
        },
        "right_shoulder": {
            "x": 781.8989868164062,
            "y": 404.02825927734375,
            "confidence": 0.9947741627693176
        },
        "left_elbow": {
            "x": 962.8654174804688,
            "y": 250.75616455078125,
            "confidence": 0.9925937056541443
        },
        "right_elbow": {
            "x": 779.21142578125,
            "y": 504.9212951660156,
            "confidence": 0.9863091707229614
        },
        "left_wrist": {
            "x": 855.6405639648438,
            "y": 208.01271057128906,
            "confidence": 0.9808094501495361
        },
        "right_wrist": {
            "x": 752.6478881835938,
            "y": 602.5916748046875,
            "confidence": 0.9676917195320129
        },
        "left_hip": {
            "x": 946.2711181640625,
            "y": 668.3102416992188,
            "confidence": 0.9990755319595337
        },
        "right_hip": {
            "x": 782.1068725585938,
            "y": 679.1709594726562,
            "confidence": 0.9988119602203369
        },
        "left_knee": {
            "x": 1111.4139404296875,
            "y": 784.724365234375,
            "confidence": 0.9902745485305786
        },
        "right_knee": {
            "x": 640.3071899414062,
            "y": 754.1862182617188,
            "confidence": 0.9878672361373901
        },
        "left_ankle": {
            "x": 1165.0716552734375,
            "y": 1001.8358154296875,
            "confidence": 0.9226801991462708
        },
        "right_ankle": {
            "x": 545.0780639648438,
            "y": 964.4260864257812,
            "confidence": 0.91062992811203
        }
    },
    "keypoints_normalized": {
        "nose": {
            "x": -0.014643282629549503,
            "y": -1.891679048538208,
            "confidence": 0.9901553392410278
        },
        "left_eye": {
            "x": 0.10879146307706833,
            "y": -1.9872891902923584,
            "confidence": 0.9723215699195862
        },
        "right_eye": {
            "x": -0.0905119776725769,
            "y": -2.005356788635254,
            "confidence": 0.9601367115974426
        },
        "left_ear": {
            "x": 0.3028641939163208,
            "y": -1.959360122680664,
            "confidence": 0.8492321372032166
        },
        "right_ear": {
            "x": -0.18997366726398468,
            "y": -1.956093192100525,
            "confidence": 0.6414439678192139
        },
        "left_shoulder": {
            "x": 0.5239036083221436,
            "y": -1.7043423652648926,
            "confidence": 0.9963133931159973
        },
        "right_shoulder": {
            "x": -0.41493576765060425,
            "y": -1.3599870204925537,
            "confidence": 0.9947741627693176
        },
        "left_elbow": {
            "x": 0.4975622892379761,
            "y": -2.132840156555176,
            "confidence": 0.9925937056541443
        },
        "right_elbow": {
            "x": -0.4284874200820923,
            "y": -0.8512479066848755,
            "confidence": 0.9863091707229614
        },
        "left_wrist": {
            "x": -0.04310412332415581,
            "y": -2.3483681678771973,
            "confidence": 0.9808094501495361
        },
        "right_wrist": {
            "x": -0.5624303817749023,
            "y": -0.3587585687637329,
            "confidence": 0.9676917195320129
        },
        "left_hip": {
            "x": 0.4138878583908081,
            "y": -0.027381829917430878,
            "confidence": 0.9990755319595337
        },
        "right_hip": {
            "x": -0.41388753056526184,
            "y": 0.027381829917430878,
            "confidence": 0.9988119602203369
        },
        "left_knee": {
            "x": 1.2465975284576416,
            "y": 0.559620201587677,
            "confidence": 0.9902745485305786
        },
        "right_knee": {
            "x": -1.1288927793502808,
            "y": 0.4056358337402344,
            "confidence": 0.9878672361373901
        },
        "left_ankle": {
            "x": 1.517159104347229,
            "y": 1.6543744802474976,
            "confidence": 0.9226801991462708
        },
        "right_ankle": {
            "x": -1.6090723276138306,
            "y": 1.4657411575317383,
            "confidence": 0.91062992811203
        }
    },
    "rule_features": {
        "right_elbow_angle": 166.31105041503906,
        "left_elbow_angle": 115.25166320800781,
        "right_knee_angle": 142.2482147216797,
        "left_knee_angle": 139.0632781982422,
        "stance_width": 3.1319172382354736,
        "knee_width": 2.3804757595062256,
        "right_wrist_to_right_shoulder_y": 1.0012284517288208,
        "left_wrist_to_left_shoulder_y": -0.6440258026123047,
        "right_punch_vector_x": -0.1474946141242981,
        "right_punch_vector_y": 1.0012284517288208,
        "left_punch_vector_x": -0.5670077316462994,
        "left_punch_vector_y": -0.6440258026123047
    },
    "suggested_rules": {
        "kuda_kuda": {
            "stance_width_reference": 3.1319172382354736,
            "left_knee_angle_reference": 139.0632781982422,
            "right_knee_angle_reference": 142.2482147216797
        },
        "arah_tangan": {
            "right_wrist_to_right_shoulder_y_reference": 1.0012284517288208,
            "left_wrist_to_left_shoulder_y_reference": -0.6440258026123047
        },
        "arah_pukulan": {
            "right_punch_vector_x_reference": -0.1474946141242981,
            "right_punch_vector_y_reference": 1.0012284517288208,
            "left_punch_vector_x_reference": -0.5670077316462994,
            "left_punch_vector_y_reference": -0.6440258026123047
        }
    }
}